"emis_number","organisation_name","diabetes_exist","hypertension_exist","ckd_exist"
"7","Springfield Medical Centre",0,0,1
"94","Springfield Medical Centre",0,0,1
"115","Springfield Medical Centre",0,0,1
"267","Springfield Medical Centre",0,0,1
"284","Springfield Medical Centre",0,0,1
"285","Springfield Medical Centre",0,0,1
"291","Springfield Medical Centre",0,0,1
"307","Springfield Medical Centre",0,0,1
"331","Springfield Medical Centre",0,1,1
"375","Springfield Medical Centre",0,1,0
"378","Springfield Medical Centre",0,0,1
"396","Springfield Medical Centre",1,0,1
"438","Springfield Medical Centre",0,0,1
"484","Springfield Medical Centre",0,0,1
"624","Springfield Medical Centre",1,0,0
"683","Springfield Medical Centre",0,0,1
"716","Springfield Medical Centre",1,0,0
"748","Springfield Medical Centre",0,0,1
"866","Springfield Medical Centre",0,1,0
"928","Springfield Medical Centre",0,0,1
"1052","Springfield Medical Centre",0,1,1
"1056","Springfield Medical Centre",1,0,0
"1058","Springfield Medical Centre",0,0,1
"1128","Springfield Medical Centre",0,1,0
"1185","Springfield Medical Centre",0,1,0
"1192","Springfield Medical Centre",0,1,0
"1202","Springfield Medical Centre",0,1,0
"1286","Springfield Medical Centre",0,1,0
"1373","Springfield Medical Centre",0,0,1
"1420","Springfield Medical Centre",0,0,1
"1431","Springfield Medical Centre",0,0,1
"1480","Springfield Medical Centre",0,0,1
"1481","Springfield Medical Centre",0,0,1
"1545","Springfield Medical Centre",0,0,1
"1624","Springfield Medical Centre",0,1,0
"1743","Springfield Medical Centre",0,1,0
"1812","Springfield Medical Centre",0,0,1
"1897","Springfield Medical Centre",0,1,0
"1899","Springfield Medical Centre",1,0,0
"1907","Springfield Medical Centre",0,0,1
"1911","Springfield Medical Centre",0,0,1
"1920","Springfield Medical Centre",0,0,1
"1948","Springfield Medical Centre",0,0,1
"1952","Springfield Medical Centre",0,1,1
"1957","Springfield Medical Centre",0,0,1
"1962","Springfield Medical Centre",1,0,0
"2078","Springfield Medical Centre",0,0,1
"2084","Springfield Medical Centre",1,0,1
"2127","Springfield Medical Centre",0,0,1
"2137","Springfield Medical Centre",0,0,1
"2265","Springfield Medical Centre",0,1,1
"2320","Springfield Medical Centre",0,0,1
"2389","Springfield Medical Centre",0,0,1
"2415","Springfield Medical Centre",0,0,1
"2488","Springfield Medical Centre",1,1,1
"2515","Springfield Medical Centre",0,0,1
"2538","Springfield Medical Centre",0,0,1
"2596","Springfield Medical Centre",0,0,1
"2608","Springfield Medical Centre",0,0,1
"2625","Springfield Medical Centre",0,0,1
"2628","Springfield Medical Centre",0,0,1
"2648","Springfield Medical Centre",0,0,1
"2651","Springfield Medical Centre",0,0,1
"2657","Springfield Medical Centre",0,1,0
"2769","Springfield Medical Centre",0,1,0
"2801","Springfield Medical Centre",1,0,1
"2918","Springfield Medical Centre",1,0,0
"3025","Springfield Medical Centre",0,0,1
"3029","Springfield Medical Centre",1,0,0
"3057","Springfield Medical Centre",0,1,0
"3097","Springfield Medical Centre",1,0,0
"3119","Springfield Medical Centre",0,0,1
"3271","Springfield Medical Centre",0,0,1
"3337","Springfield Medical Centre",0,0,1
"3356","Springfield Medical Centre",1,1,0
"3410","Springfield Medical Centre",0,0,1
"3487","Springfield Medical Centre",0,1,0
"3637","Springfield Medical Centre",0,0,1
"3733","Springfield Medical Centre",0,1,0
"3770","Springfield Medical Centre",1,0,1
"3801","Springfield Medical Centre",0,1,0
"3820","Springfield Medical Centre",0,0,1
"3859","Springfield Medical Centre",0,0,1
"3925","Springfield Medical Centre",0,1,0
"3940","Springfield Medical Centre",1,0,0
"3984","Springfield Medical Centre",0,0,1
"4069","Springfield Medical Centre",0,1,0
"4074","Springfield Medical Centre",0,0,1
"4187","Springfield Medical Centre",0,1,1
"4241","Springfield Medical Centre",0,1,0
"4328","Springfield Medical Centre",0,0,1
"4350","Springfield Medical Centre",0,0,1
"4374","Springfield Medical Centre",1,0,0
"4424","Springfield Medical Centre",0,0,1
"4460","Springfield Medical Centre",1,0,0
"4506","Springfield Medical Centre",0,0,1
"4537","Springfield Medical Centre",0,0,1
"4594","Springfield Medical Centre",0,1,0
"4616","Springfield Medical Centre",0,1,0
"4721","Springfield Medical Centre",1,1,0
"4764","Springfield Medical Centre",0,1,0
"4792","Springfield Medical Centre",0,0,1
"4818","Springfield Medical Centre",0,0,1
"4832","Springfield Medical Centre",0,1,0
"4871","Springfield Medical Centre",0,0,1
"4943","Springfield Medical Centre",0,1,0
"5002","Springfield Medical Centre",0,1,0
"5086","Springfield Medical Centre",1,1,0
"5092","Springfield Medical Centre",1,0,1
"5212","Springfield Medical Centre",1,0,0
"5226","Springfield Medical Centre",0,1,0
"5320","Springfield Medical Centre",0,1,1
"5331","Springfield Medical Centre",0,0,1
"5342","Springfield Medical Centre",0,0,1
"5357","Springfield Medical Centre",0,0,1
"5374","Springfield Medical Centre",0,0,1
"5463","Springfield Medical Centre",0,0,1
"5467","Springfield Medical Centre",0,1,1
"5472","Springfield Medical Centre",1,0,0
"5524","Springfield Medical Centre",0,0,1
"5555","Springfield Medical Centre",1,0,0
"5569","Springfield Medical Centre",1,0,0
"5578","Springfield Medical Centre",0,1,0
"5617","Springfield Medical Centre",0,0,1
"5645","Springfield Medical Centre",0,0,1
"5646","Springfield Medical Centre",0,0,1
"5708","Springfield Medical Centre",0,0,1
"5957","Springfield Medical Centre",0,0,1
"6024","Springfield Medical Centre",1,0,0
"6068","Springfield Medical Centre",0,1,0
"6088","Springfield Medical Centre",0,0,1
"6139","Springfield Medical Centre",1,1,0
"6141","Springfield Medical Centre",1,1,1
"6255","Springfield Medical Centre",0,1,0
"6362","Springfield Medical Centre",0,0,1
"6504","Springfield Medical Centre",1,0,0
"6527","Springfield Medical Centre",1,0,0
"6532","Springfield Medical Centre",0,1,0
"6620","Springfield Medical Centre",0,0,1
"6705","Springfield Medical Centre",1,0,1
"6808","Springfield Medical Centre",1,0,0
"6894","Springfield Medical Centre",0,1,0
"7093","Springfield Medical Centre",0,0,1
"7133","Springfield Medical Centre",0,0,1
"7257","Springfield Medical Centre",1,1,0
"7289","Springfield Medical Centre",1,1,0
"7357","Springfield Medical Centre",0,0,1
"7536","Springfield Medical Centre",0,1,0
"7610","Springfield Medical Centre",1,0,0
"7691","Springfield Medical Centre",0,1,0
"7700","Springfield Medical Centre",0,0,1
"7721","Springfield Medical Centre",0,0,1
"7788","Springfield Medical Centre",1,0,1
"7835","Springfield Medical Centre",0,1,1
"7891","Springfield Medical Centre",0,1,0
"7907","Springfield Medical Centre",1,0,1
"7993","Springfield Medical Centre",0,0,1
"8135","Springfield Medical Centre",1,0,0
"8137","Springfield Medical Centre",0,0,1
"8442","Springfield Medical Centre",1,0,0
"8514","Springfield Medical Centre",0,0,1
"8517","Springfield Medical Centre",1,0,0
"8529","Springfield Medical Centre",0,0,1
"8549","Springfield Medical Centre",0,0,1
"8650","Springfield Medical Centre",0,1,0
"8923","Springfield Medical Centre",0,1,0
"8959","Springfield Medical Centre",1,0,0
"9201","Springfield Medical Centre",1,0,0
"9493","Springfield Medical Centre",0,0,1
"9519","Springfield Medical Centre",0,1,0
"9538","Springfield Medical Centre",0,0,1
"9575","Springfield Medical Centre",1,0,1
"9644","Springfield Medical Centre",0,0,1
"9648","Springfield Medical Centre",0,0,1
"9696","Springfield Medical Centre",0,0,1
"10035","Springfield Medical Centre",0,0,1
"10071","Springfield Medical Centre",1,0,0
"10122","Springfield Medical Centre",0,1,0
"10293","Springfield Medical Centre",0,0,1
"10334","Springfield Medical Centre",1,0,0
"10401","Springfield Medical Centre",1,0,0
"10419","Springfield Medical Centre",0,0,1
"10433","Springfield Medical Centre",1,1,1
"10525","Springfield Medical Centre",0,1,0
"10581","Springfield Medical Centre",0,0,1
"10666","Springfield Medical Centre",0,1,0
"10721","Springfield Medical Centre",0,1,0
"10729","Springfield Medical Centre",0,0,1
"10733","Springfield Medical Centre",1,0,1
"10734","Springfield Medical Centre",0,1,1
"10765","Springfield Medical Centre",0,1,0
"11000","Springfield Medical Centre",0,0,1
"11068","Springfield Medical Centre",0,1,0
"11069","Springfield Medical Centre",1,0,1
"11118","Springfield Medical Centre",1,1,1
"11191","Springfield Medical Centre",0,0,1
"11200","Springfield Medical Centre",1,1,0
"11277","Springfield Medical Centre",0,0,1
"11278","Springfield Medical Centre",0,1,0
"11279","Springfield Medical Centre",0,1,0
"11293","Springfield Medical Centre",0,0,1
"11294","Springfield Medical Centre",0,0,1
"11397","Springfield Medical Centre",0,1,0
"11518","Springfield Medical Centre",0,0,1
"11593","Springfield Medical Centre",0,0,1
"11703","Springfield Medical Centre",0,0,1
"11735","Springfield Medical Centre",1,0,1
"11744","Springfield Medical Centre",1,0,0
"11779","Springfield Medical Centre",0,1,0
"11784","Springfield Medical Centre",1,0,0
"11859","Springfield Medical Centre",0,0,1
"11862","Springfield Medical Centre",1,1,0
"12057","Springfield Medical Centre",0,0,1
"12310","Springfield Medical Centre",0,0,1
"12325","Springfield Medical Centre",1,0,0
"12353","Springfield Medical Centre",0,1,0
"12391","Springfield Medical Centre",1,0,0
"12410","Springfield Medical Centre",1,0,0
"12477","Springfield Medical Centre",0,1,0
"12546","Springfield Medical Centre",0,1,1
"12574","Springfield Medical Centre",0,1,1
"12631","Springfield Medical Centre",1,0,1
"12712","Springfield Medical Centre",0,1,0
"12853","Springfield Medical Centre",0,0,1
"12929","Springfield Medical Centre",0,1,1
"13019","Springfield Medical Centre",0,0,1
"13049","Springfield Medical Centre",1,0,0
"13208","Springfield Medical Centre",0,0,1
"13283","Springfield Medical Centre",1,0,0
"13335","Springfield Medical Centre",0,0,1
"13353","Springfield Medical Centre",0,1,0
"13376","Springfield Medical Centre",0,0,1
"13399","Springfield Medical Centre",0,0,1
"13427","Springfield Medical Centre",0,0,1
"13443","Springfield Medical Centre",1,0,0
"13450","Springfield Medical Centre",0,0,1
"13587","Springfield Medical Centre",0,1,0
"13605","Springfield Medical Centre",0,1,0
"13686","Springfield Medical Centre",1,0,0
"13738","Springfield Medical Centre",0,1,0
"13743","Springfield Medical Centre",1,0,0
"13799","Springfield Medical Centre",0,0,1
"13919","Springfield Medical Centre",1,1,0
"13920","Springfield Medical Centre",0,0,1
"13966","Springfield Medical Centre",1,1,0
"14003","Springfield Medical Centre",0,0,1
"14031","Springfield Medical Centre",1,1,0
"14076","Springfield Medical Centre",1,0,0
"14095","Springfield Medical Centre",0,0,1
"14113","Springfield Medical Centre",1,0,1
"14157","Springfield Medical Centre",0,0,1
"14383","Springfield Medical Centre",0,0,1
"14420","Springfield Medical Centre",0,1,0
"14442","Springfield Medical Centre",0,0,1
"14602","Springfield Medical Centre",0,0,1
"14679","Springfield Medical Centre",0,1,0
"14680","Springfield Medical Centre",0,1,0
"14722","Springfield Medical Centre",0,1,0
"14974","Springfield Medical Centre",0,1,0
"15053","Springfield Medical Centre",0,1,0
"500062","Springfield Medical Centre",0,1,0
"500165","Springfield Medical Centre",0,0,1
"500181","Springfield Medical Centre",0,1,0
"500357","Springfield Medical Centre",0,1,0
"500367","Springfield Medical Centre",0,0,1
"500404","Springfield Medical Centre",1,1,0
"500488","Springfield Medical Centre",0,0,1
"500504","Springfield Medical Centre",1,0,0
"500507","Springfield Medical Centre",0,0,1
"500548","Springfield Medical Centre",0,0,1
"500608","Springfield Medical Centre",0,1,0
"500709","Springfield Medical Centre",0,1,0
"500803","Springfield Medical Centre",1,0,0
"500847","Springfield Medical Centre",0,1,0
"500986","Springfield Medical Centre",0,1,0
"501043","Springfield Medical Centre",0,1,1
"501163","Springfield Medical Centre",0,0,1
"501166","Springfield Medical Centre",1,0,0
"501382","Springfield Medical Centre",0,0,1
"501475","Springfield Medical Centre",1,0,0
"501619","Springfield Medical Centre",1,1,0
"501636","Springfield Medical Centre",1,0,0
"501642","Springfield Medical Centre",0,1,1
"501654","Springfield Medical Centre",1,0,1
"501718","Springfield Medical Centre",0,0,1
"501738","Springfield Medical Centre",0,1,0
"501804","Springfield Medical Centre",1,0,0
"501837","Springfield Medical Centre",1,0,0
"501845","Springfield Medical Centre",0,0,1
"501848","Springfield Medical Centre",0,0,1
"501973","Springfield Medical Centre",0,0,1
"502107","Springfield Medical Centre",0,1,0
"502109","Springfield Medical Centre",0,1,0
"502157","Springfield Medical Centre",0,0,1
"502175","Springfield Medical Centre",0,1,0
"502189","Springfield Medical Centre",0,1,0
"502269","Springfield Medical Centre",1,1,0
"502396","Springfield Medical Centre",0,0,1
"502581","Springfield Medical Centre",0,1,0
"502618","Springfield Medical Centre",0,0,1
"502673","Springfield Medical Centre",0,1,0
"502684","Springfield Medical Centre",0,1,0
"502775","Springfield Medical Centre",1,0,0
"502787","Springfield Medical Centre",0,1,1
"502841","Springfield Medical Centre",0,1,0
"502847","Springfield Medical Centre",0,1,0
"502848","Springfield Medical Centre",0,1,0
"502859","Springfield Medical Centre",1,1,0
"502900","Springfield Medical Centre",0,0,1
"502932","Springfield Medical Centre",0,1,0
"503018","Springfield Medical Centre",0,0,1
"503030","Springfield Medical Centre",0,1,1
"503051","Springfield Medical Centre",1,1,0
"503122","Springfield Medical Centre",1,0,1
"503147","Springfield Medical Centre",0,1,0
"503210","Springfield Medical Centre",0,0,1
"503254","Springfield Medical Centre",1,0,0
"503429","Springfield Medical Centre",0,0,1
"503753","Springfield Medical Centre",0,1,1
"503786","Springfield Medical Centre",0,1,0
"503930","Springfield Medical Centre",1,0,0
"503936","Springfield Medical Centre",1,0,0
"504031","Springfield Medical Centre",1,0,0
"504078","Springfield Medical Centre",0,0,1
"504185","Springfield Medical Centre",0,1,0
"504229","Springfield Medical Centre",0,1,1
"504302","Springfield Medical Centre",0,0,1
"504429","Springfield Medical Centre",0,1,0
"504437","Springfield Medical Centre",1,0,1
"504484","Springfield Medical Centre",0,1,0
"504553","Springfield Medical Centre",0,0,1
"504554","Springfield Medical Centre",1,0,0
"504627","Springfield Medical Centre",0,1,0
"504634","Springfield Medical Centre",0,0,1
"504762","Springfield Medical Centre",0,1,0
"504800","Springfield Medical Centre",1,0,1
"504818","Springfield Medical Centre",0,1,0
"504839","Springfield Medical Centre",0,1,0
"504879","Springfield Medical Centre",0,1,0
"504902","Springfield Medical Centre",0,1,1
"504912","Springfield Medical Centre",0,1,0
"504994","Springfield Medical Centre",0,1,1
"505208","Springfield Medical Centre",1,0,0
"505278","Springfield Medical Centre",0,1,0
"505334","Springfield Medical Centre",0,1,0
"505408","Springfield Medical Centre",0,0,1
"505438","Springfield Medical Centre",0,1,0
"505509","Springfield Medical Centre",0,1,0
"505514","Springfield Medical Centre",0,1,0
"505575","Springfield Medical Centre",1,0,0
"505598","Springfield Medical Centre",1,1,0
"505599","Springfield Medical Centre",1,0,0
"505653","Springfield Medical Centre",1,0,0
"505854","Springfield Medical Centre",1,1,0
"505874","Springfield Medical Centre",1,0,0
"505929","Springfield Medical Centre",0,0,1
"505936","Springfield Medical Centre",1,0,0
"505939","Springfield Medical Centre",1,0,0
"506003","Springfield Medical Centre",1,0,1
"506016","Springfield Medical Centre",1,0,1
"506017","Springfield Medical Centre",0,1,0
"506024","Springfield Medical Centre",0,1,0
"506062","Springfield Medical Centre",0,0,1
"506249","Springfield Medical Centre",1,0,0
"506374","Springfield Medical Centre",1,0,0
"506495","Springfield Medical Centre",0,1,0
"506499","Springfield Medical Centre",0,0,1
"506539","Springfield Medical Centre",1,1,0
"506615","Springfield Medical Centre",0,1,1
"506637","Springfield Medical Centre",0,1,1
"506653","Springfield Medical Centre",0,1,0
"506664","Springfield Medical Centre",0,0,1
"506723","Springfield Medical Centre",0,1,0
"506843","Springfield Medical Centre",0,1,0
"506885","Springfield Medical Centre",0,1,0
"506985","Springfield Medical Centre",0,1,0
"507005","Springfield Medical Centre",1,0,0
"507020","Springfield Medical Centre",0,1,0
"507087","Springfield Medical Centre",1,0,0
"507142","Springfield Medical Centre",0,1,0
"507198","Springfield Medical Centre",0,1,0
"507348","Springfield Medical Centre",1,0,0
"507351","Springfield Medical Centre",0,0,1
"507424","Springfield Medical Centre",0,0,1
"507437","Springfield Medical Centre",1,0,0
"507495","Springfield Medical Centre",0,1,0
"507537","Springfield Medical Centre",0,1,0
"507620","Springfield Medical Centre",1,0,0
"507639","Springfield Medical Centre",0,0,1
"507757","Springfield Medical Centre",0,1,0
"507792","Springfield Medical Centre",0,1,0
"507859","Springfield Medical Centre",0,1,0
"507874","Springfield Medical Centre",1,0,0
"507916","Springfield Medical Centre",0,1,0
"508043","Springfield Medical Centre",1,0,1
"508106","Springfield Medical Centre",0,1,1
"508386","Springfield Medical Centre",0,1,1
"508406","Springfield Medical Centre",1,0,0
"508495","Springfield Medical Centre",1,1,0
"508810","Springfield Medical Centre",0,1,0
"508849","Springfield Medical Centre",0,0,1
"508858","Springfield Medical Centre",1,1,0
"508892","Springfield Medical Centre",0,1,0
"508908","Springfield Medical Centre",1,1,1
"508988","Springfield Medical Centre",0,1,0
"509004","Springfield Medical Centre",0,0,1
"509122","Springfield Medical Centre",1,0,0
"509236","Springfield Medical Centre",0,0,1
"509270","Springfield Medical Centre",0,1,0
"509273","Springfield Medical Centre",1,0,0
"509291","Springfield Medical Centre",0,1,0
"509367","Springfield Medical Centre",1,0,1
"509373","Springfield Medical Centre",1,0,0
"509418","Springfield Medical Centre",1,0,1
"509425","Springfield Medical Centre",0,0,1
"509481","Springfield Medical Centre",0,1,0
"509506","Springfield Medical Centre",1,0,0
"509542","Springfield Medical Centre",0,0,1
"509748","Springfield Medical Centre",0,1,0
"509749","Springfield Medical Centre",0,1,0
"509759","Springfield Medical Centre",1,1,0
"509854","Springfield Medical Centre",0,1,0
"509888","Springfield Medical Centre",0,1,0
"509905","Springfield Medical Centre",0,1,0
"509906","Springfield Medical Centre",0,1,0
"510022","Springfield Medical Centre",1,1,0
"510036","Springfield Medical Centre",0,0,1
"510088","Springfield Medical Centre",0,1,0
"510142","Springfield Medical Centre",0,1,0
"510151","Springfield Medical Centre",1,0,0
"510204","Springfield Medical Centre",0,1,0
"510208","Springfield Medical Centre",1,0,0
"510237","Springfield Medical Centre",0,1,0
"510457","Springfield Medical Centre",1,0,0
"510462","Springfield Medical Centre",1,0,0
"510472","Springfield Medical Centre",1,0,0
"510561","Springfield Medical Centre",0,1,0
"510730","Springfield Medical Centre",0,1,1
"510837","Springfield Medical Centre",0,1,0
"510907","Springfield Medical Centre",0,0,1
"510925","Springfield Medical Centre",0,1,0
"510982","Springfield Medical Centre",1,0,0
"511002","Springfield Medical Centre",0,1,0
"511026","Springfield Medical Centre",0,1,0
"511145","Springfield Medical Centre",0,1,0
"511284","Springfield Medical Centre",0,0,1
"511373","Springfield Medical Centre",1,1,0
"511507","Springfield Medical Centre",1,0,0
"511562","Springfield Medical Centre",0,1,0
